location_name,year,val,upper,lower
Federal Republic of Germany,1990,0.74443663222,0.81946757694,0.67705731655
Federal Republic of Germany,1991,0.74690702934,0.8150032749299999,0.68199602845
Federal Republic of Germany,1992,0.75374121213,0.82052128105,0.68906647332
Federal Republic of Germany,1993,0.7709321634,0.8345479827500001,0.7086059101700001
Federal Republic of Germany,1994,0.78511607446,0.8394015974099999,0.73100146363
Federal Republic of Germany,1995,0.81428108951,0.86525261162,0.76361797466
Federal Republic of Germany,1996,0.82721149609,0.87975229464,0.77750492244
Federal Republic of Germany,1997,0.81994306165,0.8692849511699999,0.7713048121399999
Federal Republic of Germany,1998,0.83129225964,0.88048462519,0.78351484052
Federal Republic of Germany,1999,0.85436561386,0.90334920778,0.80488542827
Federal Republic of Germany,2000,0.8344801154899999,0.88153776727,0.78685371075
Federal Republic of Germany,2001,0.81093174108,0.85648673362,0.76563547645
Federal Republic of Germany,2002,0.8106295564099999,0.85699780046,0.76457072988
Federal Republic of Germany,2003,0.832121927,0.87846410856,0.78420788966
Federal Republic of Germany,2004,0.83495606185,0.87970302676,0.78283234401
Federal Republic of Germany,2005,0.80722972831,0.8476145194,0.75524703811
Federal Republic of Germany,2006,0.77900791918,0.81640325782,0.7299380805700001
Federal Republic of Germany,2007,0.78927852395,0.8287824256599999,0.74295507672
Federal Republic of Germany,2008,0.81870085423,0.8590419773400001,0.7666317556300001
Federal Republic of Germany,2009,0.78973647949,0.82987272443,0.7404589698699999
Federal Republic of Germany,2010,0.8030897924800001,0.84519682309,0.75454463369
Federal Republic of Germany,2011,0.78112725772,0.82433336123,0.73230400712
Federal Republic of Germany,2012,0.76175713544,0.80516279949,0.7103321567399999
Federal Republic of Germany,2013,0.75096179195,0.79472293291,0.69851771198
Federal Republic of Germany,2014,0.7457451776099999,0.7891220460599999,0.6914373372
Federal Republic of Germany,2015,0.77115057918,0.8182592860300001,0.7154243753799999
Federal Republic of Germany,2016,0.7722427658200001,0.8192645564,0.7171585531
Federal Republic of Germany,2017,0.7907349465200001,0.84163870236,0.7312131298700001
Federal Republic of Germany,2018,0.85298369231,0.90699765471,0.7882613364000001
Federal Republic of Germany,2019,0.91503523147,0.98320033082,0.8402930989399999
Federal Republic of Germany,2020,0.88444137528,0.95673717117,0.8099872586500001
Federal Republic of Germany,2021,0.8763853647500001,0.95223216967,0.7945112786799999
