location_name,year,val,upper,lower
Federal Republic of Germany,2000,5.38320479583,5.6902394858,5.085354891630001
Federal Republic of Germany,2001,5.2389936646,5.53780116335,4.94239823969
Federal Republic of Germany,2002,5.22810720963,5.521474329849999,4.92785111229
Federal Republic of Germany,2003,5.38161412246,5.68223846627,5.07190516421
Federal Republic of Germany,2004,5.402342057479999,5.6891930678,5.08923701749
Federal Republic of Germany,2005,5.2198206572200005,5.47759930859,4.91188906609
Federal Republic of Germany,2006,5.04131840149,5.28252083728,4.73626411938
Federal Republic of Germany,2007,5.10711850953,5.35556608318,4.81223824759
Federal Republic of Germany,2008,5.2972824275,5.54957167234,4.96750664047
Federal Republic of Germany,2009,5.10148439538,5.35422584342,4.801421120240001
Federal Republic of Germany,2010,5.1815359506,5.45042426591,4.87438202508
Federal Republic of Germany,2011,5.02456326651,5.2983427142,4.72550929845
Federal Republic of Germany,2012,4.89939106669,5.181658640649999,4.5886114651400005
Federal Republic of Germany,2013,4.81443430263,5.088586901179999,4.4740697452400005
Federal Republic of Germany,2014,4.77771877543,5.05690707638,4.42043279194
Federal Republic of Germany,2015,4.93897887043,5.2253991408000005,4.59294044545
Federal Republic of Germany,2016,4.94044386854,5.244301757,4.60602117822
Federal Republic of Germany,2017,5.07522170273,5.39099029693,4.71453720434
Federal Republic of Germany,2018,5.479538553519999,5.82412636556,5.07974123138
Federal Republic of Germany,2019,5.87829546791,6.3111596293700005,5.41397656542
Federal Republic of Germany,2020,5.65670201916,6.114098564750001,5.18854221339
Federal Republic of Germany,2021,5.60918073664,6.0868253858,5.10013056179
Federal Republic of Germany,1990,4.770828709,5.25051872442,4.33519518263
Federal Republic of Germany,1991,4.78730991478,5.23077643676,4.36206034173
Federal Republic of Germany,1992,4.83293971154,5.26422214909,4.42247793132
Federal Republic of Germany,1993,4.93777510508,5.349098404069999,4.54103086372
Federal Republic of Germany,1994,5.03236151645,5.38513873512,4.69321052403
Federal Republic of Germany,1995,5.22129315337,5.55155787493,4.91539584762
Federal Republic of Germany,1996,5.31553122944,5.65312560011,5.0153374369
Federal Republic of Germany,1997,5.27960472574,5.59938487129,4.97515595915
Federal Republic of Germany,1998,5.3605856771,5.67294062144,5.05847272416
Federal Republic of Germany,1999,5.528921824179999,5.85044470815,5.21346517392
