location_name,year,val,upper,lower
United Kingdom of Great Britain and Northern Ireland,1993,20.384614200348825,20.73123054530109,20.01495762571325
United Kingdom of Great Britain and Northern Ireland,1990,22.73419853238611,23.138471533044207,22.36817657265534
United Kingdom of Great Britain and Northern Ireland,1991,21.88944573705835,22.223564772991164,21.53681677689212
United Kingdom of Great Britain and Northern Ireland,1992,21.729148976080683,22.13050856279948,21.359690205626613
United Kingdom of Great Britain and Northern Ireland,1994,19.93964438817935,20.296212515076192,19.575907217228597
United Kingdom of Great Britain and Northern Ireland,1996,20.61455792408352,20.949644382910368,20.267343317262924
United Kingdom of Great Britain and Northern Ireland,1995,19.38207215875869,19.721275729675387,19.05128460488816
United Kingdom of Great Britain and Northern Ireland,1998,19.245475384289197,19.62702977078848,18.86909523838408
United Kingdom of Great Britain and Northern Ireland,1997,20.12255659754462,20.500959431742068,19.77466138382355
United Kingdom of Great Britain and Northern Ireland,1999,19.58929641087408,19.95503603759408,19.207804752433272
United Kingdom of Great Britain and Northern Ireland,2000,19.77573317707591,20.155792139115498,19.407926825309247
United Kingdom of Great Britain and Northern Ireland,2002,20.93297672657004,21.31853941480785,20.48228726431536
United Kingdom of Great Britain and Northern Ireland,2003,20.94404416120641,21.345112910767988,20.514551924473917
United Kingdom of Great Britain and Northern Ireland,2001,20.985157056069053,21.401131218701725,20.55727909968354
United Kingdom of Great Britain and Northern Ireland,2004,21.702016886478088,22.13689312148826,21.23909891813208
United Kingdom of Great Britain and Northern Ireland,2005,20.283644749638736,20.68763036081492,19.86640962906142
United Kingdom of Great Britain and Northern Ireland,2006,21.19290445336961,21.558464774258105,20.74306709253297
United Kingdom of Great Britain and Northern Ireland,2007,21.15272445901325,21.541450567917217,20.704960140583285
United Kingdom of Great Britain and Northern Ireland,2008,21.50900085915444,21.904067356597583,21.042557343770092
United Kingdom of Great Britain and Northern Ireland,2010,20.109491186789658,20.54223302727019,19.639873020074667
United Kingdom of Great Britain and Northern Ireland,2009,20.979150891557712,21.36518157763419,20.537413276956297
United Kingdom of Great Britain and Northern Ireland,2012,17.166036407670262,17.587552160385208,16.710380815067694
United Kingdom of Great Britain and Northern Ireland,2011,18.080920637301883,18.49592644544788,17.61020828052857
United Kingdom of Great Britain and Northern Ireland,2013,18.126330987248316,18.545550605724586,17.657100715124344
United Kingdom of Great Britain and Northern Ireland,2014,20.126330897355107,20.603046955643347,19.59726193085041
United Kingdom of Great Britain and Northern Ireland,2015,20.596790905442223,21.07218195800907,20.05257725642106
United Kingdom of Great Britain and Northern Ireland,2016,20.914432438098228,21.42103585067495,20.39179244072313
United Kingdom of Great Britain and Northern Ireland,2018,21.03031923531166,21.53480102651124,20.42805890871002
United Kingdom of Great Britain and Northern Ireland,2017,20.795854228919776,21.33492765082115,20.218897469045547
United Kingdom of Great Britain and Northern Ireland,2020,20.59667667452843,21.272085488851648,19.84186585738662
United Kingdom of Great Britain and Northern Ireland,2021,21.757613256844937,22.478617210588336,20.975536247760605
United Kingdom of Great Britain and Northern Ireland,2019,23.50969905619685,24.157955478807377,22.84736370639593
