location_name,year,val,upper,lower
United Kingdom of Great Britain and Northern Ireland,1991,0.5630384462217529,0.5740632589073816,0.5452900824360634
United Kingdom of Great Britain and Northern Ireland,1990,0.5817550290029041,0.5933114280096744,0.5635837200961691
United Kingdom of Great Britain and Northern Ireland,1992,0.5653510651247736,0.5769547046845419,0.5471773722921188
United Kingdom of Great Britain and Northern Ireland,1994,0.5175458025448721,0.5281238912586291,0.5015884077663435
United Kingdom of Great Britain and Northern Ireland,1995,0.5065329124709103,0.5165691572973881,0.4912363908258771
United Kingdom of Great Britain and Northern Ireland,1998,0.5050141626696177,0.5165363532642746,0.4882152511350368
United Kingdom of Great Britain and Northern Ireland,1997,0.5242773203633998,0.5354197638191224,0.5073800007643818
United Kingdom of Great Britain and Northern Ireland,1999,0.5181936048901484,0.5298988953695103,0.5004001540214235
United Kingdom of Great Britain and Northern Ireland,2001,0.5593516167844839,0.5725504305735134,0.5383491874525292
United Kingdom of Great Britain and Northern Ireland,2004,0.5841442634400799,0.5994211342898196,0.5614373098519119
United Kingdom of Great Britain and Northern Ireland,2000,0.5285316404650633,0.5406815437374822,0.5097663264013211
United Kingdom of Great Britain and Northern Ireland,2005,0.5547135530869246,0.5684642316510061,0.5306479608248786
United Kingdom of Great Britain and Northern Ireland,2003,0.561676615039835,0.5755500263529596,0.5389499575403267
United Kingdom of Great Britain and Northern Ireland,2007,0.5703630286299717,0.5843046887911111,0.5461712185536158
United Kingdom of Great Britain and Northern Ireland,2006,0.5737191046346602,0.587015842838425,0.5488042872231023
United Kingdom of Great Britain and Northern Ireland,2009,0.5725831788678732,0.5874154294166481,0.5454186158817033
United Kingdom of Great Britain and Northern Ireland,2008,0.5825859376414211,0.596326437993485,0.5560854596610822
United Kingdom of Great Britain and Northern Ireland,2011,0.5001192987107206,0.515308022510221,0.4746108044298521
United Kingdom of Great Britain and Northern Ireland,2010,0.5562091609746717,0.5712843620191598,0.5292985780338872
United Kingdom of Great Britain and Northern Ireland,2012,0.4801263115852235,0.4950110947166961,0.4537436129914571
United Kingdom of Great Britain and Northern Ireland,2014,0.5794232754231756,0.5977793961196829,0.5452948731558601
United Kingdom of Great Britain and Northern Ireland,2013,0.5161549387717588,0.5316521005914329,0.4866896927001101
United Kingdom of Great Britain and Northern Ireland,2016,0.6122590937374452,0.6309714995136381,0.576244003000131
United Kingdom of Great Britain and Northern Ireland,2018,0.6289278987017823,0.6495953709356872,0.5910034133651577
United Kingdom of Great Britain and Northern Ireland,2015,0.5965793382692838,0.6147830784329642,0.5610779705583157
United Kingdom of Great Britain and Northern Ireland,2019,0.6967875319609999,0.7209545685875542,0.6530249292630999
United Kingdom of Great Britain and Northern Ireland,2017,0.6165993969376358,0.6364463511936655,0.5818712401092557
United Kingdom of Great Britain and Northern Ireland,2021,0.6564181257896717,0.6808995426370811,0.6139969185479501
United Kingdom of Great Britain and Northern Ireland,2002,0.5559277630626108,0.5687047703182273,0.5354336443047736
United Kingdom of Great Britain and Northern Ireland,1996,0.5377223886181759,0.5482434694858679,0.521030826235995
United Kingdom of Great Britain and Northern Ireland,2020,0.6416240772273804,0.6669940395112475,0.601561822256067
United Kingdom of Great Britain and Northern Ireland,1993,0.5314184400032598,0.5415475352648704,0.5143295893583448
