location_name,year,val,upper,lower
United Kingdom of Great Britain and Northern Ireland,1990,0.9555480846,0.975132113,0.93192340508
United Kingdom of Great Britain and Northern Ireland,1991,0.92925536427,0.9478477053,0.90495798935
United Kingdom of Great Britain and Northern Ireland,1992,0.93503695532,0.9552825182,0.91098372358
United Kingdom of Great Britain and Northern Ireland,1993,0.8851866612,0.9049090969,0.8605644238
United Kingdom of Great Britain and Northern Ireland,1994,0.8726460992699999,0.89278956873,0.85038014654
United Kingdom of Great Britain and Northern Ireland,1995,0.8595014760899999,0.87890996617,0.8360990391199999
United Kingdom of Great Britain and Northern Ireland,1996,0.92132346632,0.94046600395,0.89839956622
United Kingdom of Great Britain and Northern Ireland,1997,0.90566006805,0.92629506229,0.88251118148
United Kingdom of Great Britain and Northern Ireland,1998,0.87486323702,0.89566022181,0.85057011778
United Kingdom of Great Britain and Northern Ireland,1999,0.89987688709,0.92029779039,0.8762721061000001
United Kingdom of Great Britain and Northern Ireland,2000,0.91919431444,0.9404748111,0.8942463119999999
United Kingdom of Great Britain and Northern Ireland,2001,0.97983106106,1.00315976819,0.95028937528
United Kingdom of Great Britain and Northern Ireland,2002,0.98087652993,1.00443836149,0.95176456261
United Kingdom of Great Britain and Northern Ireland,2003,0.99225291049,1.01664784972,0.96256821018
United Kingdom of Great Britain and Northern Ireland,2004,1.04134474453,1.06997396354,1.0063553357
United Kingdom of Great Britain and Northern Ireland,2005,0.99565709064,1.0223055415,0.96194461129
United Kingdom of Great Britain and Northern Ireland,2006,1.05160318142,1.07755805247,1.01897273285
United Kingdom of Great Britain and Northern Ireland,2007,1.05619730342,1.08323905128,1.02264818547
United Kingdom of Great Britain and Northern Ireland,2008,1.08049188566,1.10759579287,1.04614519484
United Kingdom of Great Britain and Northern Ireland,2009,1.06086518504,1.08818451562,1.02422331429
United Kingdom of Great Britain and Northern Ireland,2010,1.02619956168,1.05318236477,0.98930364703
United Kingdom of Great Britain and Northern Ireland,2011,0.92447186736,0.9528040775,0.8876712878899999
United Kingdom of Great Britain and Northern Ireland,2012,0.8878270196700001,0.91539517114,0.85100164812
United Kingdom of Great Britain and Northern Ireland,2013,0.94966527041,0.97778019404,0.90811691236
United Kingdom of Great Britain and Northern Ireland,2014,1.06054026957,1.0913055904,1.01587731378
United Kingdom of Great Britain and Northern Ireland,2015,1.08898834772,1.12005567915,1.04519441013
United Kingdom of Great Britain and Northern Ireland,2016,1.11116775411,1.14314933732,1.0648636111599998
United Kingdom of Great Britain and Northern Ireland,2017,1.1132823754,1.1472403815,1.0662501691
United Kingdom of Great Britain and Northern Ireland,2018,1.12662126801,1.16112738792,1.0781485734699998
United Kingdom of Great Britain and Northern Ireland,2019,1.25682244769,1.29918874455,1.20057173023
United Kingdom of Great Britain and Northern Ireland,2020,1.11944962247,1.1620975173,1.06009724174
United Kingdom of Great Britain and Northern Ireland,2021,1.16929695011,1.21395593099,1.11120799086
