location_name,year,val,upper,lower
United Kingdom of Great Britain and Northern Ireland,2000,6.04201968624,6.18170063579,5.88501634862
United Kingdom of Great Britain and Northern Ireland,2001,6.45114727672,6.598255608590001,6.27005874274
United Kingdom of Great Britain and Northern Ireland,2002,6.46468625744,6.61691587503,6.28102701095
United Kingdom of Great Britain and Northern Ireland,2003,6.53270973672,6.68953333505,6.33972309219
United Kingdom of Great Britain and Northern Ireland,2004,6.86427647555,7.0473872284,6.646076771690001
United Kingdom of Great Britain and Northern Ireland,2005,6.55580923822,6.72736995744,6.361185042370001
United Kingdom of Great Britain and Northern Ireland,2006,6.93865824896,7.116008783070001,6.739409511030001
United Kingdom of Great Britain and Northern Ireland,2007,6.9752079599600005,7.1498351659,6.77264509297
United Kingdom of Great Britain and Northern Ireland,2008,7.133691133779999,7.31311704062,6.930734652289999
United Kingdom of Great Britain and Northern Ireland,2009,7.00368956475,7.17111387583,6.783821560520001
United Kingdom of Great Britain and Northern Ireland,2010,6.769232689010001,6.93822632715,6.5384650107
United Kingdom of Great Britain and Northern Ireland,2011,6.09818498791,6.272386516150001,5.88681621395
United Kingdom of Great Britain and Northern Ireland,2012,5.84504875898,6.01798290126,5.62988408114
United Kingdom of Great Britain and Northern Ireland,2013,6.23577292448,6.41358260214,5.99341884553
United Kingdom of Great Britain and Northern Ireland,2014,6.959382310920001,7.15304010644,6.69283055995
United Kingdom of Great Britain and Northern Ireland,2015,7.138179545769999,7.33107304763,6.880479082290001
United Kingdom of Great Britain and Northern Ireland,2016,7.2743687528,7.47633424086,7.002363126390001
United Kingdom of Great Britain and Northern Ireland,2017,7.28061985784,7.48297646418,7.003568769749999
United Kingdom of Great Britain and Northern Ireland,2018,7.353847249969999,7.561443442910001,7.07067343607
United Kingdom of Great Britain and Northern Ireland,2019,8.20792698312,8.4697114874,7.88037353619
United Kingdom of Great Britain and Northern Ireland,2020,7.25825564686,7.53384847429,6.90302734743
United Kingdom of Great Britain and Northern Ireland,2021,7.618428654650001,7.90219546879,7.27536394816
United Kingdom of Great Britain and Northern Ireland,1990,6.285027337740001,6.40688609113,6.13958287441
United Kingdom of Great Britain and Northern Ireland,1991,6.1094600559100005,6.230092590039999,5.954098677779999
United Kingdom of Great Britain and Northern Ireland,1992,6.140743166719999,6.27469059385,5.99371483363
United Kingdom of Great Britain and Northern Ireland,1993,5.81023958794,5.93844008531,5.66835932276
United Kingdom of Great Britain and Northern Ireland,1994,5.735765811699999,5.869062871030001,5.5948616008
United Kingdom of Great Britain and Northern Ireland,1995,5.64454922532,5.77025196959,5.49986381355
United Kingdom of Great Britain and Northern Ireland,1996,6.05836026714,6.18169598726,5.9182255360200005
United Kingdom of Great Britain and Northern Ireland,1997,5.961361463129999,6.09283330814,5.81727789836
United Kingdom of Great Britain and Northern Ireland,1998,5.75411062358,5.88853251136,5.6074169772
United Kingdom of Great Britain and Northern Ireland,1999,5.91460570119,6.048748016119999,5.76742553293
