location_name,year,val,upper,lower
Kingdom of the Netherlands,1990,0.90316083181,0.96023104796,0.8450867508200001
Kingdom of the Netherlands,1991,0.88391709181,0.94057929514,0.82595290164
Kingdom of the Netherlands,1992,0.88809741137,0.94534441607,0.83207830162
Kingdom of the Netherlands,1993,0.93332728741,0.99335522021,0.8750405417299999
Kingdom of the Netherlands,1994,0.95001170452,1.0124778973000002,0.8915490975799999
Kingdom of the Netherlands,1995,0.95021080398,1.00955591813,0.89462045537
Kingdom of the Netherlands,1996,0.98960880913,1.05042618343,0.93163454289
Kingdom of the Netherlands,1997,0.96475734532,1.02788008454,0.90258811478
Kingdom of the Netherlands,1998,0.98079563962,1.04429899434,0.91853460109
Kingdom of the Netherlands,1999,0.97591289039,1.03683994544,0.91348056279
Kingdom of the Netherlands,2000,0.94593536859,1.00781998216,0.88931463165
Kingdom of the Netherlands,2001,0.98384118351,1.04954187495,0.92409740465
Kingdom of the Netherlands,2002,0.97738747633,1.04419555883,0.91681822867
Kingdom of the Netherlands,2003,0.95820058517,1.02958202212,0.8972319821300001
Kingdom of the Netherlands,2004,0.92969225526,0.99743077181,0.86430186275
Kingdom of the Netherlands,2005,0.90504122597,0.96989799805,0.83779664651
Kingdom of the Netherlands,2006,0.9096621561,0.97909544879,0.8425101408599999
Kingdom of the Netherlands,2007,0.91001611833,0.97777578725,0.8413531863499999
Kingdom of the Netherlands,2008,0.91553255284,0.98140694349,0.8436681082299999
Kingdom of the Netherlands,2009,0.8739989606299999,0.93722953283,0.80167819396
Kingdom of the Netherlands,2010,0.86412600815,0.92352521578,0.79351147278
Kingdom of the Netherlands,2011,0.8070055762799999,0.8646524126199999,0.74157028927
Kingdom of the Netherlands,2012,0.80218239101,0.85979641162,0.7396526886
Kingdom of the Netherlands,2013,0.78146225562,0.83783247514,0.72065772476
Kingdom of the Netherlands,2014,0.79144909074,0.8494926174899999,0.7245186797500001
Kingdom of the Netherlands,2015,0.7921141820700001,0.85184658513,0.72734368662
Kingdom of the Netherlands,2016,0.8110943572000001,0.87307236411,0.74440472496
Kingdom of the Netherlands,2017,0.85531714409,0.92653992601,0.78389262319
Kingdom of the Netherlands,2018,0.90084856685,0.97737138805,0.8165887079799999
Kingdom of the Netherlands,2019,0.8977002324800001,0.98153817858,0.80380157192
Kingdom of the Netherlands,2020,0.86890100953,0.95221732387,0.77300437017
Kingdom of the Netherlands,2021,0.86390743647,0.96157506775,0.75973498228
