location_name,year,val,upper,lower
Kingdom of the Netherlands,1990,5.8875065471,6.26607364099,5.52578668416
Kingdom of the Netherlands,1991,5.75174644399,6.12458733886,5.3746417857
Kingdom of the Netherlands,1992,5.76870778153,6.13797436977,5.39854458593
Kingdom of the Netherlands,1993,6.0666744179,6.46786173569,5.69979408201
Kingdom of the Netherlands,1994,6.17414211207,6.5828416593800005,5.80444967875
Kingdom of the Netherlands,1995,6.1683420923100005,6.573237374480001,5.8054465342
Kingdom of the Netherlands,1996,6.41059612918,6.8122699115000005,6.048076019050001
Kingdom of the Netherlands,1997,6.2415533002000005,6.644032635169999,5.844501140479999
Kingdom of the Netherlands,1998,6.344268484310001,6.75228551569,5.93790595613
Kingdom of the Netherlands,1999,6.30778734517,6.70604105542,5.91869983887
Kingdom of the Netherlands,2000,6.11055040552,6.511475142759999,5.75097016557
Kingdom of the Netherlands,2001,6.3686343074,6.79588852662,5.99857075813
Kingdom of the Netherlands,2002,6.326825292210001,6.75245892843,5.95355305521
Kingdom of the Netherlands,2003,6.20235055287,6.66883717087,5.81231630102
Kingdom of the Netherlands,2004,6.01125575539,6.457848985600001,5.597609454810001
Kingdom of the Netherlands,2005,5.85463815646,6.27065857881,5.43734512851
Kingdom of the Netherlands,2006,5.89203278158,6.33647497851,5.46679365234
Kingdom of the Netherlands,2007,5.89916530627,6.3277983658200005,5.47365303541
Kingdom of the Netherlands,2008,5.935947029699999,6.36110025327,5.49289720031
Kingdom of the Netherlands,2009,5.64786821903,6.05501142595,5.20864367027
Kingdom of the Netherlands,2010,5.57706864111,5.95919904666,5.13970382629
Kingdom of the Netherlands,2011,5.20366695009,5.564874533,4.80049932163
Kingdom of the Netherlands,2012,5.16415937257,5.53603741933,4.78034905257
Kingdom of the Netherlands,2013,5.022852088930001,5.37858861942,4.63435208776
Kingdom of the Netherlands,2014,5.08456771309,5.46076494832,4.66547535112
Kingdom of the Netherlands,2015,5.08038393728,5.46014125832,4.677256456359999
Kingdom of the Netherlands,2016,5.19968047803,5.59087910722,4.782122482
Kingdom of the Netherlands,2017,5.4970326874,5.94478968078,5.046063699339999
Kingdom of the Netherlands,2018,5.77776272021,6.26122920138,5.24696250839
Kingdom of the Netherlands,2019,5.75066140756,6.28685312824,5.1476030672
Kingdom of the Netherlands,2020,5.54211807109,6.0874742864,4.93801580552
Kingdom of the Netherlands,2021,5.49962438078,6.10924562639,4.85786137914
