location_name,year,val,upper,lower
Grand Duchy of Luxembourg,1990,1.39757629275,1.46720190491,1.32857996314
Grand Duchy of Luxembourg,1991,1.39498520535,1.46534802483,1.32375854887
Grand Duchy of Luxembourg,1992,1.38713428082,1.45722159481,1.31989372317
Grand Duchy of Luxembourg,1993,1.37318715941,1.44757753429,1.30361043025
Grand Duchy of Luxembourg,1994,1.38257103575,1.45883686097,1.30808238437
Grand Duchy of Luxembourg,1995,1.4484222020200002,1.52519913447,1.37046310568
Grand Duchy of Luxembourg,1996,1.49443639617,1.5720494559200002,1.4176305543299998
Grand Duchy of Luxembourg,1997,1.43330312822,1.51083574559,1.35627739564
Grand Duchy of Luxembourg,1998,1.3865130983,1.46073029217,1.30926021312
Grand Duchy of Luxembourg,1999,1.30921871755,1.38501291609,1.23398961999
Grand Duchy of Luxembourg,2000,1.28197064895,1.36074635701,1.20790471879
Grand Duchy of Luxembourg,2001,1.27363620212,1.34775675874,1.1976404297499998
Grand Duchy of Luxembourg,2002,1.24477475623,1.3223571106499998,1.1666371591
Grand Duchy of Luxembourg,2003,1.23357753302,1.31102159575,1.1545737134
Grand Duchy of Luxembourg,2004,1.2239411787,1.30356706804,1.14596280069
Grand Duchy of Luxembourg,2005,1.18030357492,1.25844251859,1.10006761121
Grand Duchy of Luxembourg,2006,1.15407346878,1.22542766049,1.08387421158
Grand Duchy of Luxembourg,2007,1.11019239361,1.18272663219,1.04518288399
Grand Duchy of Luxembourg,2008,1.11526681661,1.1987628475099998,1.04379182225
Grand Duchy of Luxembourg,2009,1.04678112925,1.1167194013,0.97998958588
Grand Duchy of Luxembourg,2010,1.04627267304,1.1178802424399998,0.98148115029
Grand Duchy of Luxembourg,2011,1.0094273267,1.07639379783,0.94711053055
Grand Duchy of Luxembourg,2012,0.98391725397,1.05472435919,0.92212319414
Grand Duchy of Luxembourg,2013,0.97514241651,1.04121765238,0.91043292983
Grand Duchy of Luxembourg,2014,1.0218884007,1.0954362156300002,0.95411416406
Grand Duchy of Luxembourg,2015,1.02227294703,1.09763877333,0.94800244261
Grand Duchy of Luxembourg,2016,1.01284054685,1.08124670791,0.93946819078
Grand Duchy of Luxembourg,2017,0.9690329091,1.03488642302,0.89445569212
Grand Duchy of Luxembourg,2018,0.96267166247,1.03077995636,0.8914953344300001
Grand Duchy of Luxembourg,2019,0.94288584051,1.01921702771,0.86438485554
Grand Duchy of Luxembourg,2020,0.8977394823,0.97836223312,0.8158918363
Grand Duchy of Luxembourg,2021,0.89383898298,0.98583444257,0.80830257623
