location_name,year,val,upper,lower
Eastern Republic of Uruguay,1990,0.31713103424,0.35865976681,0.27841357349
Eastern Republic of Uruguay,1991,0.31660770606,0.35956016308,0.27547243685
Eastern Republic of Uruguay,1992,0.3168971821899999,0.35907384689,0.27905407789
Eastern Republic of Uruguay,1993,0.31853865303,0.3578906679699999,0.28313726349
Eastern Republic of Uruguay,1994,0.31551355898,0.35254389155,0.28134952448
Eastern Republic of Uruguay,1995,0.31696896909,0.35054806175,0.28501261158
Eastern Republic of Uruguay,1996,0.31748809139,0.3495134747,0.28594392542
Eastern Republic of Uruguay,1997,0.31858725873,0.35315778131,0.28790561568
Eastern Republic of Uruguay,1998,0.31781048524,0.35169944512,0.28953804252
Eastern Republic of Uruguay,1999,0.30665960607,0.33995029253,0.27923319699
Eastern Republic of Uruguay,2000,0.29109451819,0.32237155047,0.26333898508
Eastern Republic of Uruguay,2001,0.27351925799,0.30252626782,0.24827276636
Eastern Republic of Uruguay,2002,0.28585969379,0.31445340785,0.26131408197
Eastern Republic of Uruguay,2003,0.3112931573399999,0.34172500062,0.2835667489
Eastern Republic of Uruguay,2004,0.4043777908,0.44203158508,0.3691603191499999
Eastern Republic of Uruguay,2005,0.34392093054,0.37556799281,0.31334717696
Eastern Republic of Uruguay,2006,0.38472798772,0.4196620987,0.35065175624
Eastern Republic of Uruguay,2007,0.29987075889,0.32835815022,0.2748807039099999
Eastern Republic of Uruguay,2008,0.2680284720399999,0.29387451974,0.24313217617
Eastern Republic of Uruguay,2009,0.2828315277,0.31193838675,0.25555654104
Eastern Republic of Uruguay,2010,0.3857822012399999,0.42483416761,0.34983525034
Eastern Republic of Uruguay,2011,0.35044844279,0.3839600569499999,0.3171008845399999
Eastern Republic of Uruguay,2012,0.29741856656,0.32581748326,0.26981060766
Eastern Republic of Uruguay,2013,0.27862811866,0.30492872766,0.25236899915
Eastern Republic of Uruguay,2014,0.26629267588,0.29280549051,0.2404901253299999
Eastern Republic of Uruguay,2015,0.26021258772,0.28792904683,0.2348030520099999
Eastern Republic of Uruguay,2016,0.28259327622,0.31256845751,0.25597291616
Eastern Republic of Uruguay,2017,0.29158371192,0.32294277105,0.26621461002
Eastern Republic of Uruguay,2018,0.29407449226,0.3245921573899999,0.2678229564
Eastern Republic of Uruguay,2019,0.29403467524,0.3262970881099999,0.26719344659
Eastern Republic of Uruguay,2020,0.268815342,0.3013307693299999,0.24077763464
Eastern Republic of Uruguay,2021,0.2947313826,0.33182081701,0.26195479481
