location_name,year,val,upper,lower
Eastern Republic of Uruguay,1990,2.03331411689,2.3056870869,1.78315105678
Eastern Republic of Uruguay,1991,2.03119472572,2.31062003625,1.7623820739199998
Eastern Republic of Uruguay,1992,2.0310435943400003,2.30322557292,1.78660524794
Eastern Republic of Uruguay,1993,2.0397477630900003,2.28629212934,1.81331470164
Eastern Republic of Uruguay,1994,2.0216559048,2.25907753723,1.80205184567
Eastern Republic of Uruguay,1995,2.03006832788,2.24726248748,1.8231456404
Eastern Republic of Uruguay,1996,2.0351281450200003,2.2406229302000003,1.8306023849
Eastern Republic of Uruguay,1997,2.04475604019,2.26734482493,1.84739119988
Eastern Republic of Uruguay,1998,2.03499122388,2.24972666038,1.85481904807
Eastern Republic of Uruguay,1999,1.96215617403,2.17204077438,1.7871985904899998
Eastern Republic of Uruguay,2000,1.86319206102,2.06512925297,1.68825451687
Eastern Republic of Uruguay,2001,1.75082446729,1.93665645653,1.5907974153999995
Eastern Republic of Uruguay,2002,1.82704781218,2.00771239064,1.66596576572
Eastern Republic of Uruguay,2003,1.98722032131,2.18359993836,1.80524754745
Eastern Republic of Uruguay,2004,2.58646446041,2.8250848576600003,2.35922606903
Eastern Republic of Uruguay,2005,2.19902651773,2.4024844246,2.0094243038
Eastern Republic of Uruguay,2006,2.46647619277,2.68976427911,2.24648661926
Eastern Republic of Uruguay,2007,1.91733716461,2.10127973198,1.7546655058599998
Eastern Republic of Uruguay,2008,1.7194626214800002,1.88362296732,1.56205104049
Eastern Republic of Uruguay,2009,1.81764713273,2.00413901021,1.64219451775
Eastern Republic of Uruguay,2010,2.48044362745,2.72801345006,2.24599204798
Eastern Republic of Uruguay,2011,2.24691663895,2.47009605505,2.03210543798
Eastern Republic of Uruguay,2012,1.90295548924,2.08729453579,1.72584511748
Eastern Republic of Uruguay,2013,1.78519361333,1.95347226028,1.61566576081
Eastern Republic of Uruguay,2014,1.7072056406700002,1.88464070552,1.54425359768
Eastern Republic of Uruguay,2015,1.66287683586,1.84013613978,1.49958908646
Eastern Republic of Uruguay,2016,1.80644556311,1.99658785703,1.6353504840400002
Eastern Republic of Uruguay,2017,1.86559751457,2.06720580936,1.7046213841100002
Eastern Republic of Uruguay,2018,1.88136364811,2.08232378426,1.71537272867
Eastern Republic of Uruguay,2019,1.87822193996,2.08683713087,1.7047754911900002
Eastern Republic of Uruguay,2020,1.7097560768699998,1.9165908919,1.5340272349600002
Eastern Republic of Uruguay,2021,1.88011582521,2.11507571803,1.67196141003
